"Species","Fmulti","Unit","value","F"
"sprat",0,"Biomass",5925509735316.69,0
"sprat",0,"FBiomass",7433804004542.65,0
"sprat",0,"SSB",4273017608647.77,0
"sprat",0,"Yield",0,0
"herring",0,"Biomass",174340295451.364,0
"herring",0,"FBiomass",7433804004542.65,0
"herring",0,"SSB",74103364728.8074,0
"herring",0,"Yield",0,0
"cod",0,"Biomass",1333953973774.59,0
"cod",0,"FBiomass",7433804004542.65,0
"cod",0,"SSB",1080660113567.67,0
"cod",0,"Yield",0,0
"sprat",0.0886075949367089,"Biomass",5708696822757.76,0.00687267491782561
"sprat",0.0886075949367089,"FBiomass",7263906976411.14,0.00687267491782561
"sprat",0.0886075949367089,"SSB",4019758836078.76,0.00687267491782561
"sprat",0.0886075949367089,"Yield",98978492342.9803,0.00687267491782561
"herring",0.0886075949367089,"Biomass",264006059478.694,0.00687267491782561
"herring",0.0886075949367089,"FBiomass",7263906976411.14,0.00687267491782561
"herring",0.0886075949367089,"SSB",119392368571.432,0.00687267491782561
"herring",0.0886075949367089,"Yield",3742460097.35499,0.00687267491782561
"cod",0.0886075949367089,"Biomass",1291204094174.69,0.00687267491782561
"cod",0.0886075949367089,"FBiomass",7263906976411.14,0.00687267491782561
"cod",0.0886075949367089,"SSB",1000469096194.36,0.00687267491782561
"cod",0.0886075949367089,"Yield",47046461406.2626,0.00687267491782561
"sprat",0.177215189873418,"Biomass",5505566390797.34,0.0136119894428822
"sprat",0.177215189873418,"FBiomass",7111973957388.08,0.0136119894428822
"sprat",0.177215189873418,"SSB",3784720653310.28,0.0136119894428822
"sprat",0.177215189873418,"Yield",189655941885.193,0.0136119894428822
"herring",0.177215189873418,"Biomass",349744908464.671,0.0136119894428822
"herring",0.177215189873418,"FBiomass",7111973957388.08,0.0136119894428822
"herring",0.177215189873418,"SSB",165316265073.422,0.0136119894428822
"herring",0.177215189873418,"Yield",10116434551.5953,0.0136119894428822
"cod",0.177215189873418,"Biomass",1256662658126.07,0.0136119894428822
"cod",0.177215189873418,"FBiomass",7111973957388.08,0.0136119894428822
"cod",0.177215189873418,"SSB",931644745268.063,0.0136119894428822
"cod",0.177215189873418,"Yield",90651966841.2711,0.0136119894428822
"sprat",0.265822784810127,"Biomass",5314273247485.33,0.0202257802622739
"sprat",0.265822784810127,"FBiomass",6973617722207.87,0.0202257802622739
"sprat",0.265822784810127,"SSB",3566354026671.5,0.0202257802622739
"sprat",0.265822784810127,"Yield",272733230060.023,0.0202257802622739
"herring",0.265822784810127,"Biomass",431936363775.875,0.0202257802622739
"herring",0.265822784810127,"FBiomass",6973617722207.87,0.0202257802622739
"herring",0.265822784810127,"SSB",210768712666.738,0.0202257802622739
"herring",0.265822784810127,"Yield",19016141710.9752,0.0202257802622739
"cod",0.265822784810127,"Biomass",1227408110946.66,0.0202257802622739
"cod",0.265822784810127,"FBiomass",6973617722207.87,0.0202257802622739
"cod",0.265822784810127,"SSB",870710065450.528,0.0202257802622739
"cod",0.265822784810127,"Yield",131391207276.428,0.0202257802622739
"sprat",0.354430379746835,"Biomass",5133735051841.9,0.0267175876730839
"sprat",0.354430379746835,"FBiomass",6845929878891.93,0.0267175876730839
"sprat",0.354430379746835,"SSB",3363607411083.76,0.0267175876730839
"sprat",0.354430379746835,"Yield",348843540233.988,0.0267175876730839
"herring",0.354430379746835,"Biomass",510442674029.568,0.0267175876730839
"herring",0.354430379746835,"FBiomass",6845929878891.93,0.0267175876730839
"herring",0.354430379746835,"SSB",254825330230.082,0.0267175876730839
"herring",0.354430379746835,"Yield",30284154117.1098,0.0267175876730839
"cod",0.354430379746835,"Biomass",1201752153020.46,0.0267175876730839
"cod",0.354430379746835,"FBiomass",6845929878891.93,0.0267175876730839
"cod",0.354430379746835,"SSB",815646247290.31,0.0267175876730839
"cod",0.354430379746835,"Yield",169592500878.142,0.0267175876730839
"sprat",0.443037974683544,"Biomass",4963166726603.92,0.0330894189022845
"sprat",0.443037974683544,"FBiomass",6726849668135.77,0.0330894189022845
"sprat",0.443037974683544,"SSB",3175554137517.77,0.0330894189022845
"sprat",0.443037974683544,"Yield",418577365710.624,0.0330894189022845
"herring",0.443037974683544,"Biomass",585014238988.528,0.0330894189022845
"herring",0.443037974683544,"FBiomass",6726849668135.77,0.0330894189022845
"herring",0.443037974683544,"SSB",296780048626.844,0.0330894189022845
"herring",0.443037974683544,"Yield",43721953579.8849,0.0330894189022845
"cod",0.443037974683544,"Biomass",1178668702543.32,0.0330894189022845
"cod",0.443037974683544,"FBiomass",6726849668135.77,0.0330894189022845
"cod",0.443037974683544,"SSB",765211992605.232,0.0330894189022845
"cod",0.443037974683544,"Yield",205463320394.405,0.0330894189022845
"sprat",0.531645569620253,"Biomass",4801897482332.12,0.0393429107022386
"sprat",0.531645569620253,"FBiomass",6614854165872.14,0.0393429107022386
"sprat",0.531645569620253,"SSB",3001270495372.06,0.0393429107022386
"sprat",0.531645569620253,"Yield",482486088463.775,0.0393429107022386
"herring",0.531645569620253,"Biomass",655445917227.35,0.0393429107022386
"herring",0.531645569620253,"FBiomass",6614854165872.14,0.0393429107022386
"herring",0.531645569620253,"SSB",336139118390.087,0.0393429107022386
"herring",0.531645569620253,"Yield",59106285218.3302,0.0393429107022386
"cod",0.531645569620253,"Biomass",1157510766312.67,0.0393429107022386
"cod",0.531645569620253,"FBiomass",6614854165872.14,0.0393429107022386
"cod",0.531645569620253,"SSB",718606213984.279,0.0393429107022386
"cod",0.531645569620253,"Yield",239150476586.611,0.0393429107022386
"sprat",0.620253164556962,"Biomass",4649298845441.4,0.0454797777553849
"sprat",0.620253164556962,"FBiomass",6508786478264.75,0.0454797777553849
"sprat",0.620253164556962,"SSB",2839809139077.82,0.0454797777553849
"sprat",0.620253164556962,"Yield",541079670504.106,0.0454797777553849
"herring",0.620253164556962,"Biomass",721630938163.002,0.0454797777553849
"herring",0.620253164556962,"FBiomass",6508786478264.75,0.0454797777553849
"herring",0.620253164556962,"SSB",372596222966.278,0.0454797777553849
"herring",0.620253164556962,"Yield",76204845514.3643,0.0454797777553849
"cod",0.620253164556962,"Biomass",1137856694660.34,0.0454797777553849
"cod",0.620253164556962,"FBiomass",6508786478264.75,0.0454797777553849
"cod",0.620253164556962,"SSB",675286718782.887,0.0454797777553849
"cod",0.620253164556962,"Yield",270769971447.734,0.0454797777553849
"sprat",0.708860759493671,"Biomass",4504760753798.47,0.0515019330325307
"sprat",0.708860759493671,"FBiomass",6407750594982.73,0.0515019330325307
"sprat",0.708860759493671,"SSB",2690209363338.2,0.0515019330325307
"sprat",0.708860759493671,"Yield",594824055820.896,0.0515019330325307
"herring",0.708860759493671,"Biomass",783568310483.235,0.0515019330325307
"herring",0.708860759493671,"FBiomass",6407750594982.73,0.0515019330325307
"herring",0.708860759493671,"SSB",405999801009.734,0.0515019330325307
"herring",0.708860759493671,"Yield",94788908858.8222,0.0515019330325307
"cod",0.708860759493671,"Biomass",1119421530701.02,0.0515019330325307
"cod",0.708860759493671,"FBiomass",6407750594982.73,0.0515019330325307
"cod",0.708860759493671,"SSB",634867538104.65,0.0515019330325307
"cod",0.708860759493671,"Yield",300421661416.159,0.0515019330325307
"sprat",0.79746835443038,"Biomass",4367687893227.76,0.0574114663589421
"sprat",0.79746835443038,"FBiomass",6311041991723.83,0.0574114663589421
"sprat",0.79746835443038,"SSB",2551518289357.43,0.0574114663589421
"sprat",0.79746835443038,"Yield",644140057070.379,0.0574114663589421
"herring",0.79746835443038,"Biomass",841349986853.486,0.0574114663589421
"herring",0.79746835443038,"FBiomass",6311041991723.83,0.0574114663589421
"herring",0.79746835443038,"SSB",436319307473.153,0.0574114663589421
"herring",0.79746835443038,"Yield",114642347819.955,0.0574114663589421
"cod",0.79746835443038,"Biomass",1102004111642.59,0.0574114663589421
"cod",0.79746835443038,"FBiomass",6311041991723.83,0.0574114663589421
"cod",0.79746835443038,"SSB",597059020442.4,0.0574114663589421
"cod",0.79746835443038,"Yield",328196120102.838,0.0574114663589421
"sprat",0.886075949367089,"Biomass",4237503558952.98,0.0632105735602003
"sprat",0.886075949367089,"FBiomass",6218099347189.72,0.0632105735602003
"sprat",0.886075949367089,"SSB",2422811784318.74,0.0632105735602003
"sprat",0.886075949367089,"Yield",689403980499,0.0632105735602003
"herring",0.886075949367089,"Biomass",895140829829.001,0.0632105735602003
"herring",0.886075949367089,"FBiomass",6218099347189.72,0.0632105735602003
"herring",0.886075949367089,"SSB",463614154384.204,0.0632105735602003
"herring",0.886075949367089,"Yield",135567346776.245,0.0632105735602003
"cod",0.886075949367089,"Biomass",1085454958407.74,0.0632105735602003
"cod",0.886075949367089,"FBiomass",6218099347189.72,0.0632105735602003
"cod",0.886075949367089,"SSB",561632304215.137,0.0632105735602003
"cod",0.886075949367089,"Yield",354177551295.263,0.0632105735602003
"sprat",0.974683544303797,"Biomass",4113655300988.38,0.068901480377339
"sprat",0.974683544303797,"FBiomass",6128469793978.12,0.068901480377339
"sprat",0.974683544303797,"SSB",2303210925898.26,0.068901480377339
"sprat",0.974683544303797,"Yield",730949683007.174,0.068901480377339
"herring",0.974683544303797,"Biomass",945157819734.492,0.068901480377339
"herring",0.974683544303797,"FBiomass",6128469793978.12,0.068901480377339
"herring",0.974683544303797,"SSB",488007079638.206,0.068901480377339
"herring",0.974683544303797,"Yield",157387434464.197,0.068901480377339
"cod",0.974683544303797,"Biomass",1069656673255.25,0.068901480377339
"cod",0.974683544303797,"FBiomass",6128469793978.12,0.068901480377339
"cod",0.974683544303797,"SSB",528398072479.918,0.068901480377339
"cod",0.974683544303797,"Yield",378444806287.324,0.068901480377339
"sprat",1.06329113924051,"Biomass",3995619931247.16,0.0744863799358694
"sprat",1.06329113924051,"FBiomass",6041783394408.39,0.0744863799358694
"sprat",1.06329113924051,"SSB",2191893078533.28,0.0744863799358694
"sprat",1.06329113924051,"Yield",769071608630.199,0.0744863799358694
"herring",1.06329113924051,"Biomass",991651460814.447,0.0744863799358694
"herring",1.06329113924051,"FBiomass",6041783394408.39,0.0744863799358694
"herring",1.06329113924051,"SSB",509662449011.031,0.0744863799358694
"herring",1.06329113924051,"Yield",179948519797.004,0.0744863799358694
"cod",1.06329113924051,"Biomass",1054512002346.78,0.0744863799358694
"cod",1.06329113924051,"FBiomass",6041783394408.39,0.0744863799358694
"cod",1.06329113924051,"SSB",497193790766.495,0.0744863799358694
"cod",1.06329113924051,"Yield",401071591791.185,0.0744863799358694
"sprat",1.15189873417722,"Biomass",3882907048788.2,0.0799673894390613
"sprat",1.15189873417722,"FBiomass",5957734164236.48,0.0799673894390613
"sprat",1.15189873417722,"SSB",2088098055786.85,0.0799673894390613
"sprat",1.15189873417722,"Yield",804028375509.684,0.0799673894390613
"herring",1.15189873417722,"Biomass",1034890485015.48,0.0799673894390613
"herring",1.15189873417722,"FBiomass",5957734164236.48,0.0799673894390613
"herring",1.15189873417722,"SSB",528769286636.733,0.0799673894390613
"herring",1.15189873417722,"Yield",203118547636.923,0.0799673894390613
"cod",1.15189873417722,"Biomass",1039936630432.79,0.0799673894390613
"cod",1.15189873417722,"FBiomass",5957734164236.48,0.0799673894390613
"cod",1.15189873417722,"SSB",467876007001.274,0.0799673894390613
"cod",1.15189873417722,"Yield",422126421111.088,0.0799673894390613
"sprat",1.24050632911392,"Biomass",3775060968747.4,0.0853465254402793
"sprat",1.24050632911392,"FBiomass",5876065856930.1,0.0853465254402793
"sprat",1.24050632911392,"SSB",1991130341426.34,0.0853465254402793
"sprat",1.24050632911392,"Yield",836046568904.256,0.0853465254402793
"herring",1.24050632911392,"Biomass",1075149992123.88,0.0853465254402793
"herring",1.24050632911392,"FBiomass",5876065856930.1,0.0853465254402793
"herring",1.24050632911392,"SSB",545528475541.248,0.0853465254402793
"herring",1.24050632911392,"Yield",226786275541.678,0.0853465254402793
"cod",1.24050632911392,"Biomass",1025854896058.82,0.0853465254402793
"cod",1.24050632911392,"FBiomass",5876065856930.1,0.0853465254402793
"cod",1.24050632911392,"SSB",440315667158.063,0.0853465254402793
"cod",1.24050632911392,"Yield",441672567995.789,0.0853465254402793
"sprat",1.32911392405063,"Biomass",3671661248852.85,0.0906256944453483
"sprat",1.32911392405063,"FBiomass",5796561253555.66,0.0906256944453483
"sprat",1.32911392405063,"SSB",1900358409794.04,0.0906256944453483
"sprat",1.32911392405063,"Yield",865324491091.862,0.0906256944453483
"herring",1.32911392405063,"Biomass",1112702707004.6,0.0906256944453483
"herring",1.32911392405063,"FBiomass",5796561253555.66,0.0906256944453483
"herring",1.32911392405063,"SSB",560143439257.732,0.0906256944453483
"herring",1.32911392405063,"Yield",250859550463.01,0.0906256944453483
"cod",1.32911392405063,"Biomass",1012197297698.2,0.0906256944453483
"cod",1.32911392405063,"FBiomass",5796561253555.66,0.0906256944453483
"cod",1.32911392405063,"SSB",414395216727.219,0.0906256944453483
"cod",1.32911392405063,"Yield",459768125440.568,0.0906256944453483
"sprat",1.41772151898734,"Biomass",3572322109918.29,0.0958066949240388
"sprat",1.41772151898734,"FBiomass",5719034050276.94,0.0958066949240388
"sprat",1.41772151898734,"SSB",1815212068983.57,0.0958066949240388
"sprat",1.41772151898734,"Yield",892035704198.343,0.0958066949240388
"herring",1.41772151898734,"Biomass",1147812855363.7,0.0958066949240388
"herring",1.41772151898734,"FBiomass",5719034050276.94,0.0958066949240388
"herring",1.41772151898734,"SSB",572813614161.527,0.0958066949240388
"herring",1.41772151898734,"Yield",275263355607.959,0.0958066949240388
"cod",1.41772151898734,"Biomass",998899084994.952,0.0958066949240388
"cod",1.41772151898734,"FBiomass",5719034050276.94,0.0958066949240388
"cod",1.41772151898734,"SSB",390006750265.35,0.0958066949240388
"cod",1.41772151898734,"Yield",476466191738.917,0.0958066949240388
"sprat",1.50632911392405,"Biomass",3476691052343.55,0.100891227059442
"sprat",1.50632911392405,"FBiomass",5643322676443.44,0.100891227059442
"sprat",1.50632911392405,"SSB",1735178572019.23,0.100891227059442
"sprat",1.50632911392405,"Yield",916332270073.987,0.100891227059442
"herring",1.50632911392405,"Biomass",1180732128549.54,0.100891227059442
"herring",1.50632911392405,"FBiomass",5643322676443.44,0.100891227059442
"herring",1.50632911392405,"SSB",583730087585.821,0.100891227059442
"herring",1.50632911392405,"Yield",299937809360.364,0.100891227059442
"cod",1.50632911392405,"Biomass",985899495550.353,0.100891227059442
"cod",1.50632911392405,"FBiomass",5643322676443.44,0.100891227059442
"cod",1.50632911392405,"SSB",367050769763.003,0.100891227059442
"cod",1.50632911392405,"Yield",491815169121.916,0.100891227059442
"sprat",1.59493670886076,"Biomass",3384446934748.4,0.105880907179175
"sprat",1.59493670886076,"FBiomass",5569285550200.72,0.105880907179175
"sprat",1.59493670886076,"SSB",1659798060439.66,0.105880907179175
"sprat",1.59493670886076,"Yield",938347641768.123,0.105880907179175
"herring",1.59493670886076,"Biomass",1211697249822.55,0.105880907179175
"herring",1.59493670886076,"FBiomass",5569285550200.72,0.105880907179175
"herring",1.59493670886076,"SSB",593072870035.851,0.105880907179175
"herring",1.59493670886076,"Yield",324836230892.132,0.105880907179175
"cod",1.59493670886076,"Biomass",973141365629.772,0.105880907179175
"cod",1.59493670886076,"FBiomass",5569285550200.72,0.105880907179175
"cod",1.59493670886076,"SSB",345435293480.158,0.105880907179175
"cod",1.59493670886076,"Yield",505859146525.118,0.105880907179175
"sprat",1.68354430379747,"Biomass",3295297731343.27,0.110777284505242
"sprat",1.68354430379747,"FBiomass",5496797406662.17,0.110777284505242
"sprat",1.68354430379747,"SSB",1588658746425.43,0.110777284505242
"sprat",1.68354430379747,"Yield",958199196175.53,0.110777284505242
"herring",1.68354430379747,"Biomass",1240928726354.58,0.110777284505242
"herring",1.68354430379747,"FBiomass",5496797406662.17,0.110777284505242
"herring",1.68354430379747,"SSB",601009368173.722,0.110777284505242
"herring",1.68354430379747,"Yield",349923338394.963,0.110777284505242
"cod",1.68354430379747,"Biomass",960570948964.313,0.110777284505242
"cod",1.68354430379747,"FBiomass",5496797406662.17,0.110777284505242
"cod",1.68354430379747,"SSB",325075165924.921,0.110777284505242
"cod",1.68354430379747,"Yield",518638335985.982,0.110777284505242
"sprat",1.77215189873418,"Biomass",3208978134913.19,0.115581858495528
"sprat",1.77215189873418,"FBiomass",5425746428722.29,0.115581858495528
"sprat",1.77215189873418,"SSB",1521392111640.78,0.115581858495528
"sprat",1.77215189873418,"Yield",975990420166.18,0.115581858495528
"herring",1.77215189873418,"Biomass",1268630449697.5,0.115581858495528
"herring",1.77215189873418,"FBiomass",5425746428722.29,0.115581858495528
"herring",1.77215189873418,"SSB",607693716666.784,0.115581858495528
"herring",1.77215189873418,"Yield",375173612202.096,0.115581858495528
"cod",1.77215189873418,"Biomass",948137844111.609,0.115581858495528
"cod",1.77215189873418,"FBiomass",5425746428722.29,0.115581858495528
"cod",1.77215189873418,"SSB",305891484664.234,0.115581858495528
"cod",1.77215189873418,"Yield",530189535503.308,0.115581858495528
"sprat",1.86075949367089,"Biomass",3125247128216.31,0.120296095578627
"sprat",1.86075949367089,"FBiomass",5356031981138.75,0.120296095578627
"sprat",1.86075949367089,"SSB",1457668302778.47,0.120296095578627
"sprat",1.86075949367089,"Yield",991812776037.405,0.120296095578627
"herring",1.86075949367089,"Biomass",1294989880914.64,0.120296095578627
"herring",1.86075949367089,"FBiomass",5356031981138.75,0.120296095578627
"herring",1.86075949367089,"SSB",613266706111.046,0.120296095578627
"herring",1.86075949367089,"Yield",400569832894.904,0.120296095578627
"cod",1.86075949367089,"Biomass",935794972007.806,0.120296095578627
"cod",1.86075949367089,"FBiomass",5356031981138.75,0.120296095578627
"cod",1.86075949367089,"SSB",287811097825.165,0.120296095578627
"cod",1.86075949367089,"Yield",540546596443.445,0.120296095578627
"sprat",1.94936708860759,"Biomass",3043885610153.49,0.124921444497221
"sprat",1.94936708860759,"FBiomass",5287562800739.13,0.124921444497221
"sprat",1.94936708860759,"SSB",1397191831463.39,0.124921444497221
"sprat",1.94936708860759,"Yield",1005747279101.01,0.124921444497221
"herring",1.94936708860759,"Biomass",1320178620002.83,0.124921444497221
"herring",1.94936708860759,"FBiomass",5287562800739.13,0.124921444497221
"herring",1.94936708860759,"SSB",617856109574.741,0.124921444497221
"herring",1.94936708860759,"Yield",426101790697.539,0.124921444497221
"cod",1.94936708860759,"Biomass",923498570582.814,0.124921444497221
"cod",1.94936708860759,"FBiomass",5287562800739.13,0.124921444497221
"cod",1.94936708860759,"SSB",270766148072.018,0.124921444497221
"cod",1.94936708860759,"Yield",549740879015.77,0.124921444497221
"sprat",2.0379746835443,"Biomass",2964694134294.46,0.129459349784788
"sprat",2.0379746835443,"FBiomass",5220255534135.47,0.129459349784788
"sprat",2.0379746835443,"SSB",1339697634747.88,0.129459349784788
"sprat",2.0379746835443,"Yield",1017865822748.84,0.129459349784788
"herring",2.0379746835443,"Biomass",1344353211325.23,0.129459349784788
"herring",2.0379746835443,"FBiomass",5220255534135.47,0.129459349784788
"herring",2.0379746835443,"SSB",621577262470.54,0.129459349784788
"herring",2.0379746835443,"Yield",451765154556.495,0.129459349784788
"cod",2.0379746835443,"Biomass",911208188515.781,0.129459349784788
"cod",2.0379746835443,"FBiomass",5220255534135.47,0.129459349784788
"cod",2.0379746835443,"SSB",254693651057.817,0.129459349784788
"cod",2.0379746835443,"Yield",557801684173.53,0.129459349784788
"sprat",2.12658227848101,"Biomass",2887490795423.41,0.133911263124524
"sprat",2.12658227848101,"FBiomass",5154033542651.14,0.133911263124524
"sprat",2.12658227848101,"SSB",1284947517144.71,0.133911263124524
"sprat",2.12658227848101,"Yield",1028232286016.03,0.133911263124524
"herring",2.12658227848101,"Biomass",1367656078070.48,0.133911263124524
"herring",2.12658227848101,"FBiomass",5154033542651.14,0.133911263124524
"herring",2.12658227848101,"SSB",624533791049.061,0.133911263124524
"herring",2.12658227848101,"Yield",477560485375.233,0.133911263124524
"cod",2.12658227848101,"Biomass",898886669157.249,0.133911263124524
"cod",2.12658227848101,"FBiomass",5154033542651.14,0.133911263124524
"cod",2.12658227848101,"SSB",239535102851.026,0.133911263124524
"cod",2.12658227848101,"Yield",564756654256.476,0.133911263124524
"sprat",2.21518987341772,"Biomass",2812109283569.44,0.138278652496952
"sprat",2.21518987341772,"FBiomass",5088825914929.55,0.138278652496952
"sprat",2.21518987341772,"SSB",1232726971885.14,0.138278652496952
"sprat",2.21518987341772,"Yield",1036903456626.72,0.138278652496952
"herring",2.21518987341772,"Biomass",1390216510612.52,0.138278652496952
"herring",2.21518987341772,"FBiomass",5088825914929.55,0.138278652496952
"herring",2.21518987341772,"SSB",626818415718.519,0.138278652496952
"herring",2.21518987341772,"Yield",503492376527.095,0.138278652496952
"cod",2.21518987341772,"Biomass",886500120747.59,0.138278652496952
"cod",2.21518987341772,"FBiomass",5088825914929.55,0.138278652496952
"cod",2.21518987341772,"SSB",225236114062.15,0.138278652496952
"cod",2.21518987341772,"Yield",570632137770.265,0.138278652496952
"sprat",2.30379746835443,"Biomass",2738397113373.34,0.142563009130662
"sprat",2.30379746835443,"FBiomass",5024566642890.76,0.142563009130662
"sprat",2.30379746835443,"SSB",1182842364546.1,0.142563009130662
"sprat",2.30379746835443,"Yield",1043929799556.4,0.142563009130662
"herring",2.30379746835443,"Biomass",1412151657677.6,0.142563009130662
"herring",2.30379746835443,"FBiomass",5024566642890.76,0.142563009130662
"herring",2.30379746835443,"SSB",628513778509.354,0.142563009130662
"herring",2.30379746835443,"Yield",529568705010.215,0.142563009130662
"cod",2.30379746835443,"Biomass",874017871839.828,0.142563009130662
"cod",2.30379746835443,"FBiomass",5024566642890.76,0.142563009130662
"cod",2.30379746835443,"SSB",211746069797.947,0.142563009130662
"cod",2.30379746835443,"Yield",575453515997.548,0.142563009130662
"sprat",2.39240506329114,"Biomass",2666214028578.8,0.146765852342462
"sprat",2.39240506329114,"FBiomass",4961193927818.6,0.146765852342462
"sprat",2.39240506329114,"SSB",1135118453790.92,0.146765852342462
"sprat",2.39240506329114,"Yield",1049356097803.89,0.146765852342462
"herring",2.39240506329114,"Biomass",1433567486995.31,0.146765852342462
"herring",2.39240506329114,"FBiomass",4961193927818.6,0.146765852342462
"herring",2.39240506329114,"SSB",629693260995.331,0.146765852342462
"herring",2.39240506329114,"Yield",555799977756.05,0.146765852342462
"cod",2.39240506329114,"Biomass",861412412244.49,0.146765852342462
"cod",2.39240506329114,"FBiomass",4961193927818.6,0.146765852342462
"cod",2.39240506329114,"SSB",199017815011.995,0.146765852342462
"cod",2.39240506329114,"Yield",579245490797.699,0.146765852342462
"sprat",2.48101265822785,"Biomass",2595430576049.23,0.150888732399404
"sprat",2.48101265822785,"FBiomass",4898649591498.75,0.150888732399404
"sprat",2.48101265822785,"SSB",1089396219782.96,0.150888732399404
"sprat",2.48101265822785,"Yield",1053221988665.23,0.150888732399404
"herring",2.48101265822785,"Biomass",1454559695000.2,0.150888732399404
"herring",2.48101265822785,"FBiomass",4898649591498.75,0.150888732399404
"herring",2.48101265822785,"SSB",630421771269.291,0.150888732399404
"herring",2.48101265822785,"Yield",582198759206.241,0.150888732399404
"cod",2.48101265822785,"Biomass",848659320449.327,0.150888732399404
"cod",2.48101265822785,"FBiomass",4898649591498.75,0.150888732399404
"cod",2.48101265822785,"SSB",187007364794.144,0.150888732399404
"cod",2.48101265822785,"Yield",582032334118.849,0.150888732399404
"sprat",2.56962025316456,"Biomass",2525926840299.7,0.154933231563495
"sprat",2.56962025316456,"FBiomass",4836878573296.47,0.154933231563495
"sprat",2.56962025316456,"SSB",1045530969449.46,0.154933231563495
"sprat",2.56962025316456,"Yield",1055562415541.32,0.154933231563495
"herring",2.56962025316456,"Biomass",1475214554307.26,0.154933231563495
"herring",2.56962025316456,"FBiomass",4836878573296.47,0.154933231563495
"herring",2.56962025316456,"SSB",630756487300.416,0.154933231563495
"herring",2.56962025316456,"Yield",608779168038.588,0.154933231563495
"cod",2.56962025316456,"Biomass",835737178689.516,0.154933231563495
"cod",2.56962025316456,"FBiomass",4836878573296.47,0.154933231563495
"cod",2.56962025316456,"SSB",175673638924.049,0.154933231563495
"cod",2.56962025316456,"Yield",583838100543.234,0.154933231563495
"sprat",2.65822784810127,"Biomass",2457591327546.84,0.158900963496018
"sprat",2.65822784810127,"FBiomass",4775828498452,0.158900963496018
"sprat",2.65822784810127,"SSB",1003390688187.81,0.158900963496018
"sprat",2.65822784810127,"Yield",1056408012299.28,0.158900963496018
"herring",2.65822784810127,"Biomass",1495609694037.34,0.158900963496018
"herring",2.65822784810127,"FBiomass",4775828498452,0.158900963496018
"herring",2.65822784810127,"SSB",630747550076.599,0.158900963496018
"herring",2.65822784810127,"Yield",635556432671.525,0.158900963496018
"cod",2.65822784810127,"Biomass",822627476867.825,0.158900963496018
"cod",2.65822784810127,"FBiomass",4775828498452,0.158900963496018
"cod",2.65822784810127,"SSB",164978219751.926,0.158900963496018
"cod",2.65822784810127,"Yield",584686804716.479,0.158900963496018
"sprat",2.74683544303797,"Biomass",2390319987300.75,0.162793571206024
"sprat",2.74683544303797,"FBiomass",4715449306113.95,0.162793571206024
"sprat",2.74683544303797,"SSB",962854609112.737,0.162793571206024
"sprat",2.74683544303797,"Yield",1055785434494.74,0.162793571206024
"herring",2.74683544303797,"Biomass",1515814812342.82,0.162793571206024
"herring",2.74683544303797,"FBiomass",4715449306113.95,0.162793571206024
"herring",2.74683544303797,"SSB",630438704062.554,0.162793571206024
"herring",2.74683544303797,"Yield",662546496803.698,0.162793571206024
"cod",2.74683544303797,"Biomass",809314506470.386,0.162793571206024
"cod",2.74683544303797,"FBiomass",4715449306113.95,0.162793571206024
"cod",2.74683544303797,"SSB",154885132233.791,0.162793571206024
"cod",2.74683544303797,"Yield",584602565851.327,0.162793571206024
"sprat",2.83544303797468,"Biomass",2324015359237.42,0.166612723729313
"sprat",2.83544303797468,"FBiomass",4655692928038.67,0.166612723729313
"sprat",2.83544303797468,"SSB",923811973057.632,0.166612723729313
"sprat",2.83544303797468,"Yield",1053717649361.01,0.166612723729313
"herring",2.83544303797468,"Biomass",1535892323243.62,0.166612723729313
"herring",2.83544303797468,"FBiomass",4655692928038.67,0.166612723729313
"herring",2.83544303797468,"SSB",629867885217.776,0.166612723729313
"herring",2.83544303797468,"Yield",689765667698.046,0.166612723729313
"cod",2.83544303797468,"Biomass",795785245557.63,0.166612723729313
"cod",2.83544303797468,"FBiomass",4655692928038.67,0.166612723729313
"cod",2.83544303797468,"SSB",145360644767.884,0.166612723729313
"cod",2.83544303797468,"Yield",583609721704.42,0.166612723729313
"sprat",2.92405063291139,"Biomass",2258585833270.21,0.170360111721823
"sprat",2.92405063291139,"FBiomass",4596513010685.97,0.170360111721823
"sprat",2.92405063291139,"SSB",886160954941.274,0.170360111721823
"sprat",2.92405063291139,"Yield",1050224194373.71,0.170360111721823
"herring",2.92405063291139,"Biomass",1555897941552.99,0.170360111721823
"herring",2.92405063291139,"FBiomass",4596513010685.97,0.170360111721823
"herring",2.92405063291139,"SSB",629067758521.516,0.170360111721823
"herring",2.92405063291139,"Yield",717230301177.008,0.170360111721823
"cod",2.92405063291139,"Biomass",782029235862.773,0.170360111721823
"cod",2.92405063291139,"FBiomass",4596513010685.97,0.170360111721823
"cod",2.92405063291139,"SSB",136373089360.451,0.170360111721823
"cod",2.92405063291139,"Yield",581732914543.109,0.170360111721823
"sprat",3.0126582278481,"Biomass",2193945011221.4,0.174037442145756
"sprat",3.0126582278481,"FBiomass",4537864674802.59,0.174037442145756
"sprat",3.0126582278481,"SSB",849807734585.498,0.174037442145756
"sprat",3.0126582278481,"Yield",1045321412386.3,0.174037442145756
"herring",3.0126582278481,"Biomass",1575881210568.94,0.174037442145756
"herring",3.0126582278481,"FBiomass",4537864674802.59,0.174037442145756
"herring",3.0126582278481,"SSB",628066207944.198,0.174037442145756
"herring",3.0126582278481,"Yield",744956518355.54,0.174037442145756
"cod",3.0126582278481,"Biomass",768038453012.24,0.174037442145756
"cod",3.0126582278481,"FBiomass",4537864674802.59,0.174037442145756
"cod",3.0126582278481,"SSB",127892699588.427,0.174037442145756
"cod",3.0126582278481,"Yield",578997151676.831,0.174037442145756
"sprat",3.10126582278481,"Biomass",2130011159165.77,0.177646432218814
"sprat",3.10126582278481,"FBiomass",4479704307626.35,0.177646432218814
"sprat",3.10126582278481,"SSB",814665692488.465,0.177646432218814
"sprat",3.10126582278481,"Yield",1039022669780.34,0.177646432218814
"herring",3.10126582278481,"Biomass",1595885977568.22,0.177646432218814
"herring",3.10126582278481,"FBiomass",4479704307626.35,0.177646432218814
"herring",3.10126582278481,"SSB",626886782306.452,0.177646432218814
"herring",3.10126582278481,"Yield",772959950011.697,0.177646432218814
"cod",3.10126582278481,"Biomass",753807170892.349,0.177646432218814
"cod",3.10126582278481,"FBiomass",4479704307626.35,0.177646432218814
"cod",3.10126582278481,"SSB",119891464814.844,0.177646432218814
"cod",3.10126582278481,"Yield",575427843143.183,0.177646432218814
"sprat",3.18987341772152,"Biomass",2066706740299.96,0.181188802786843
"sprat",3.18987341772152,"FBiomass",4421989383654.21,0.181188802786843
"sprat",3.18987341772152,"SSB",780654713347.648,0.181188802786843
"sprat",3.18987341772152,"Yield",1031338562759.58,0.181188802786843
"herring",3.18987341772152,"Biomass",1615950822137.22,0.181188802786843
"herring",3.18987341772152,"FBiomass",4421989383654.21,0.181188802786843
"herring",3.18987341772152,"SSB",625549100639.012,0.181188802786843
"herring",3.18987341772152,"Yield",801255505197.535,0.181188802786843
"cod",3.18987341772152,"Biomass",739331821217.033,0.181188802786843
"cod",3.18987341772152,"FBiomass",4421989383654.21,0.181188802786843
"cod",3.18987341772152,"SSB",112342999139.824,0.181188802786843
"cod",3.18987341772152,"Yield",571050819124.193,0.181188802786843
"sprat",3.27848101265823,"Biomass",2003958019031.76,0.184666271268362
"sprat",3.27848101265823,"FBiomass",4364678310561.55,0.184666271268362
"sprat",3.27848101265823,"SSB",747700582245.947,0.184666271268362
"sprat",3.27848101265823,"Yield",1022277115815.13,0.184666271268362
"herring",3.27848101265823,"Biomass",1636109442136.68,0.184666271268362
"herring",3.27848101265823,"FBiomass",4364678310561.55,0.184666271268362
"herring",3.27848101265823,"SSB",624069220615.488,0.184666271268362
"herring",3.27848101265823,"Yield",829857161246.606,0.184666271268362
"cod",3.27848101265823,"Biomass",724610849393.115,0.184666271268362
"cod",3.27848101265823,"FBiomass",4364678310561.55,0.184666271268362
"cod",3.27848101265823,"SSB",105222423626.084,0.184666271268362
"cod",3.27848101265823,"Yield",565892329630.147,0.184666271268362
"sprat",3.36708860759494,"Biomass",1941694727849.64,0.188080544306087
"sprat",3.36708860759494,"FBiomass",4307730297387.55,0.188080544306087
"sprat",3.36708860759494,"SSB",715734460346.98,0.188080544306087
"sprat",3.36708860759494,"Yield",1011843975479.26,0.188080544306087
"herring",3.36708860759494,"Biomass",1656391001714.83,0.188080544306087
"herring",3.36708860759494,"FBiomass",4307730297387.55,0.188080544306087
"herring",3.36708860759494,"SSB",622459973458.703,0.188080544306087
"herring",3.36708860759494,"Yield",858777772759.558,0.188080544306087
"cod",3.36708860759494,"Biomass",709644567823.074,0.188080544306087
"cod",3.36708860759494,"FBiomass",4307730297387.55,0.188080544306087
"cod",3.36708860759494,"SSB",98506260414.5061,0.188080544306087
"cod",3.36708860759494,"Yield",559979028930.602,0.188080544306087
"sprat",3.45569620253165,"Biomass",1879849789404.81,0.19143331024578
"sprat",3.45569620253165,"FBiomass",4251105242548.66,0.19143331024578
"sprat",3.45569620253165,"SSB",684692428690.033,0.19143331024578
"sprat",3.45569620253165,"Yield",1000042601748.43,0.19143331024578
"herring",3.45569620253165,"Biomass",1676820445322,0.19143331024578
"herring",3.45569620253165,"FBiomass",4251105242548.66,0.19143331024578
"herring",3.45569620253165,"SSB",620731268478.461,0.19143331024578
"herring",3.45569620253165,"Yield",888028897467.448,0.19143331024578
"cod",3.45569620253165,"Biomass",694435007821.857,0.19143331024578
"cod",3.45569620253165,"FBiomass",4251105242548.66,0.19143331024578
"cod",3.45569620253165,"SSB",92172337435.5733,0.19143331024578
"cod",3.45569620253165,"Yield",553337947136.957,0.19143331024578
"sprat",3.54430379746835,"Biomass",1818359087105.91,0.19472623154688
"sprat",3.54430379746835,"FBiomass",4194763639636.57,0.19472623154688
"sprat",3.54430379746835,"SSB",654515090238.814,0.19472623154688
"sprat",3.54430379746835,"Yield",986874458977.205,0.19472623154688
"herring",3.54430379746835,"Biomass",1697418781183.68,0.19472623154688
"herring",3.54430379746835,"FBiomass",4194763639636.57,0.19472623154688
"herring",3.54430379746835,"SSB",618890370124.783,0.19472623154688
"herring",3.54430379746835,"Yield",917620637102.627,0.19472623154688
"cod",3.54430379746835,"Biomass",678985771346.977,0.19472623154688
"cod",3.54430379746835,"FBiomass",4194763639636.57,0.19472623154688
"cod",3.54430379746835,"SSB",86199702520.6766,0.19472623154688
"cod",3.54430379746835,"Yield",545996451249.076,0.19472623154688
"sprat",3.63291139240506,"Biomass",1757161278387.99,0.197960937212603
"sprat",3.63291139240506,"FBiomass",4138666499322.06,0.197960937212603
"sprat",3.63291139240506,"SSB",625147221734.106,0.197960937212603
"sprat",3.63291139240506,"Yield",972339207610.476,0.197960937212603
"herring",3.63291139240506,"Biomass",1718203337189.55,0.197960937212603
"herring",3.63291139240506,"FBiomass",4138666499322.06,0.197960937212603
"herring",3.63291139240506,"SSB",616942150163.252,0.197960937212603
"herring",3.63291139240506,"Yield",947561491567.494,0.197960937212603
"cod",3.63291139240506,"Biomass",663301883744.517,0.197960937212603
"cod",3.63291139240506,"FBiomass",4138666499322.06,0.197960937212603
"cod",3.63291139240506,"SSB",80568545819.1749,0.197960937212603
"cod",3.63291139240506,"Yield",537982197870.616,0.197960937212603
"sprat",3.72151898734177,"Biomass",1696197645673.84,0.2011390153098
"sprat",3.72151898734177,"FBiomass",4082775286040.91,0.2011390153098
"sprat",3.72151898734177,"SSB",596537468144.333,0.2011390153098
"sprat",3.72151898734177,"Yield",956434897823.849,0.2011390153098
"herring",3.72151898734177,"Biomass",1739187991672.77,0.2011390153098
"herring",3.72151898734177,"FBiomass",4082775286040.91,0.2011390153098
"herring",3.72151898734177,"SSB",614889317316.301,0.2011390153098
"herring",3.72151898734177,"Yield",977858224798.198,0.2011390153098
"cod",3.72151898734177,"Biomass",647389648694.297,0.2011390153098
"cod",3.72151898734177,"FBiomass",4082775286040.91,0.2011390153098
"cod",3.72151898734177,"SSB",75260129529.2254,0.2011390153098
"cod",3.72151898734177,"Yield",529323079674.316,0.2011390153098
"sprat",3.81012658227848,"Biomass",1635411980908.64,0.204262005631279
"sprat",3.81012658227848,"FBiomass",4027051868501.02,0.204262005631279
"sprat",3.81012658227848,"SSB",568638073617.676,0.204262005631279
"sprat",3.81012658227848,"Yield",939158165975.884,0.204262005631279
"herring",3.81012658227848,"Biomass",1760383381099.19,0.204262005631279
"herring",3.81012658227848,"FBiomass",4027051868501.02,0.204262005631279
"herring",3.81012658227848,"SSB",612732626477.667,0.204262005631279
"herring",3.81012658227848,"Yield",1008515740787.6,0.204262005631279
"cod",3.81012658227848,"Biomass",631256506493.191,0.204262005631279
"cod",3.81012658227848,"FBiomass",4027051868501.02,0.204262005631279
"cod",3.81012658227848,"SSB",70256724050.3156,0.204262005631279
"cod",3.81012658227848,"Yield",520047167560.136,0.204262005631279
"sprat",3.89873417721519,"Biomass",1574750500432.83,0.207331392535822
"sprat",3.89873417721519,"FBiomass",3971458483442.81,0.207331392535822
"sprat",3.89873417721519,"SSB",541404643833.988,0.207331392535822
"sprat",3.89873417721519,"Yield",920504434742.942,0.207331392535822
"herring",3.89873417721519,"Biomass",1781797086264.43,0.207331392535822
"herring",3.89873417721519,"FBiomass",3971458483442.81,0.207331392535822
"herring",3.89873417721519,"SSB",610471069404.054,0.207331392535822
"herring",3.89873417721519,"Yield",1039536968271.92,0.207331392535822
"cod",3.89873417721519,"Biomass",614910896745.54,0.207331392535822
"cod",3.89873417721519,"FBiomass",3971458483442.81,0.207331392535822
"cod",3.89873417721519,"SSB",65541549761.2589,0.207331392535822
"cod",3.89873417721519,"Yield",510182650296.342,0.207331392535822
"sprat",3.9873417721519,"Biomass",1514161787893.74,0.21034859798449
"sprat",3.9873417721519,"FBiomass",3915957712533.85,0.21034859798449
"sprat",3.9873417721519,"SSB",514795935556.146,0.21034859798449
"sprat",3.9873417721519,"Yield",900468117918.744,0.21034859798449
"herring",3.9873417721519,"Biomass",1803433798207.01,0.21034859798449
"herring",3.9873417721519,"FBiomass",3915957712533.85,0.21034859798449
"herring",3.9873417721519,"SSB",608102048622.805,0.21034859798449
"herring",3.9873417721519,"Yield",1070922752608.49,0.21034859798449
"cod",3.9873417721519,"Biomass",598362126433.101,0.21034859798449
"cod",3.9873417721519,"FBiomass",3915957712533.85,0.21034859798449
"cod",3.9873417721519,"SSB",61098723717.8032,0.21034859798449
"cod",3.9873417721519,"Yield",499757773266.905,0.21034859798449
"sprat",4.07594936708861,"Biomass",1453596763930.15,0.213314974776686
"sprat",4.07594936708861,"FBiomass",3860512472823.13,0.213314974776686
"sprat",4.07594936708861,"SSB",488773670014.99,0.213314974776686
"sprat",4.07594936708861,"Yield",879042831142.589,0.213314974776686
"herring",4.07594936708861,"Biomass",1825295464680,0.213314974776686
"herring",4.07594936708861,"FBiomass",3860512472823.13,0.213314974776686
"herring",4.07594936708861,"SSB",605621536169.988,0.213314974776686
"herring",4.07594936708861,"Yield",1102671753385.73,0.213314974776686
"cod",4.07594936708861,"Biomass",581620244212.986,0.213314974776686
"cod",4.07594936708861,"FBiomass",3860512472823.13,0.213314974776686
"cod",4.07594936708861,"SSB",56913210648.0135,0.213314974776686
"cod",4.07594936708861,"Yield",488800777767.719,0.213314974776686
"sprat",4.16455696202532,"Biomass",1393008682574.64,0.216231799977127
"sprat",4.16455696202532,"FBiomass",3805086021879.16,0.216231799977127
"sprat",4.16455696202532,"SSB",463302367563.445,0.216231799977127
"sprat",4.16455696202532,"Yield",856221610323.043,0.216231799977127
"herring",4.16455696202532,"Biomass",1847381417666.5,0.216231799977127
"herring",4.16455696202532,"FBiomass",3805086021879.16,0.216231799977127
"herring",4.16455696202532,"SSB",603024218692.787,0.216231799977127
"herring",4.16455696202532,"Yield",1134780346315.28,0.216231799977127
"cod",4.16455696202532,"Biomass",564695921638.017,0.216231799977127
"cod",4.16455696202532,"FBiomass",3805086021879.16,0.216231799977127
"cod",4.16455696202532,"SSB",52970777700.5481,0.216231799977127
"cod",4.16455696202532,"Yield",477339842097.891,0.216231799977127
"sprat",4.25316455696202,"Biomass",1332353155834.38,0.219100268517217
"sprat",4.25316455696202,"FBiomass",3749641979687.49,0.219100268517217
"sprat",4.25316455696202,"SSB",438349201851.169,0.219100268517217
"sprat",4.25316455696202,"Yield",831997140339.076,0.219100268517217
"herring",4.25316455696202,"Biomass",1869688482048.39,0.219100268517217
"herring",4.25316455696202,"FBiomass",3749641979687.49,0.219100268517217
"herring",4.25316455696202,"SSB",600303630417.774,0.219100268517217
"herring",4.25316455696202,"Yield",1167242527961.84,0.219100268517217
"cod",4.25316455696202,"Biomass",547600341804.719,0.219100268517217
"cod",4.25316455696202,"FBiomass",3749641979687.49,0.219100268517217
"cod",4.25316455696202,"SSB",49257952470.4596,0.219100268517217
"cod",4.25316455696202,"Yield",465403025477.964,0.219100268517217
"sprat",4.34177215189873,"Biomass",1271588209943.96,0.221921486954385
"sprat",4.34177215189873,"FBiomass",3694144370744.75,0.221921486954385
"sprat",4.34177215189873,"SSB",413883872670.436,0.221921486954385
"sprat",4.34177215189873,"Yield",806361997885.664,0.221921486954385
"herring",4.34177215189873,"Biomass",1892211065100.28,0.221921486954385
"herring",4.34177215189873,"FBiomass",3694144370744.75,0.221921486954385
"herring",4.34177215189873,"SSB",597452275510.515,0.221921486954385
"herring",4.34177215189873,"Yield",1200049821864.69,0.221921486954385
"cod",4.34177215189873,"Biomass",530345095700.506,0.221921486954385
"cod",4.34177215189873,"FBiomass",3694144370744.75,0.221921486954385
"cod",4.34177215189873,"SSB",45761983888.9404,0.221921486954385
"cod",4.34177215189873,"Yield",453018215589.181,0.221921486954385
"sprat",4.43037974683544,"Biomass",1210674379684.65,0.224696467385886
"sprat",4.43037974683544,"FBiomass",3638557691823.22,0.224696467385886
"sprat",4.43037974683544,"SSB",389878497713.421,0.224696467385886
"sprat",4.43037974683544,"Yield",779308914354.558,0.224696467385886
"herring",4.43037974683544,"Biomass",1914941225910.31,0.224696467385886
"herring",4.43037974683544,"FBiomass",3638557691823.22,0.224696467385886
"herring",4.43037974683544,"SSB",594461741446.68,0.224696467385886
"herring",4.43037974683544,"Yield",1233191184583.89,0.224696467385886
"cod",4.43037974683544,"Biomass",512942086228.255,0.224696467385886
"cod",4.43037974683544,"FBiomass",3638557691823.22,0.224696467385886
"cod",4.43037974683544,"SSB",42470805617.4333,0.224696467385886
"cod",4.43037974683544,"Yield",440213080258.814,0.224696467385886
"sprat",4.51898734177215,"Biomass",1149574851511.7,0.227426121547882
"sprat",4.51898734177215,"FBiomass",3582847014032.32,0.227426121547882
"sprat",4.51898734177215,"SSB",366307524927.707,0.227426121547882
"sprat",4.51898734177215,"Yield",750831067855.473,0.227426121547882
"herring",4.51898734177215,"Biomass",1937868723010.71,0.227426121547882
"herring",4.51898734177215,"FBiomass",3582847014032.32,0.227426121547882
"herring",4.51898734177215,"SSB",591322805207.218,0.227426121547882
"herring",4.51898734177215,"Yield",1266652910142.16,0.227426121547882
"cod",4.51898734177215,"Biomass",495403439509.911,0.227426121547882
"cod",4.51898734177215,"FBiomass",3582847014032.32,0.227426121547882
"cod",4.51898734177215,"SSB",39373001632.7559,0.227426121547882
"cod",4.51898734177215,"Yield",427015023504.717,0.227426121547882
"sprat",4.60759493670886,"Biomass",1088255672983.13,0.230111255200719
"sprat",4.60759493670886,"FBiomass",3526978132807.77,0.230111255200719
"sprat",4.60759493670886,"SSB",343147669227.2,0.230111255200719
"sprat",4.60759493670886,"Yield",720922418646.556,0.230111255200719
"herring",4.60759493670886,"Biomass",1960981037248.23,0.230111255200719
"herring",4.60759493670886,"FBiomass",3526978132807.77,0.230111255200719
"herring",4.60759493670886,"SSB",588025534448.29,0.230111255200719
"herring",4.60759493670886,"Yield",1300418531188.76,0.230111255200719
"cod",4.60759493670886,"Biomass",477741422576.419,0.230111255200719
"cod",4.60759493670886,"FBiomass",3526978132807.77,0.230111255200719
"cod",4.60759493670886,"SSB",36457773728.5792,0.230111255200719
"cod",4.60759493670886,"Yield",413451145782.339,0.230111255200719
"sprat",4.69620253164557,"Biomass",1026686056723.08,0.232752563031453
"sprat",4.69620253164557,"FBiomass",3470917787546.14,0.232752563031453
"sprat",4.69620253164557,"SSB",320377880437.723,0.232752563031453
"sprat",4.69620253164557,"Yield",689578110619.552,0.232752563031453
"herring",4.69620253164557,"Biomass",1984263364933.13,0.232752563031453
"herring",4.69620253164557,"FBiomass",3470917787546.14,0.232752563031453
"herring",4.69620253164557,"SSB",584559386366.306,0.232752563031453
"herring",4.69620253164557,"Yield",1334468714918.34,0.232752563031453
"cod",4.69620253164557,"Biomass",459968365889.937,0.232752563031453
"cod",4.69620253164557,"FBiomass",3470917787546.14,0.232752563031453
"cod",4.69620253164557,"SSB",33714910690.1426,0.232752563031453
"cod",4.69620253164557,"Yield",399548207830.58,0.232752563031453
"sprat",4.78481012658228,"Biomass",964838824494.201,0.235350624535592
"sprat",4.78481012658228,"FBiomass",3414633985829.15,0.235350624535592
"sprat",4.78481012658228,"SSB",297979354220.534,0.235350624535592
"sprat",4.78481012658228,"Yield",656794975175.885,0.235350624535592
"herring",4.78481012658228,"Biomass",2007698573086.99,0.235350624535592
"herring",4.78481012658228,"FBiomass",3414633985829.15,0.235350624535592
"herring",4.78481012658228,"SSB",580913307931.356,0.235350624535592
"herring",4.78481012658228,"Yield",1368781151232.73,0.235350624535592
"cod",4.78481012658228,"Biomass",442096588247.96,0.235350624535592
"cod",4.78481012658228,"FBiomass",3414633985829.15,0.235350624535592
"cod",4.78481012658228,"SSB",31134758924.2042,0.235350624535592
"cod",4.78481012658228,"Yield",385332596967.437,0.235350624535592
"sprat",4.87341772151899,"Biomass",902691065203.813,0.237905901740506
"sprat",4.87341772151899,"FBiomass",3358096488978.1,0.237905901740506
"sprat",4.87341772151899,"SSB",275935605437.141,0.237905901740506
"sprat",4.87341772151899,"Yield",622572196318.978,0.237905901740506
"herring",4.87341772151899,"Biomass",2031267103379.55,0.237905901740506
"herring",4.87341772151899,"FBiomass",3358096488978.1,0.237905901740506
"herring",4.87341772151899,"SSB",577075842767.244,0.237905901740506
"herring",4.87341772151899,"Yield",1403330429687.76,0.237905901740506
"cod",4.87341772151899,"Biomass",424138320394.738,0.237905901740506
"cod",4.87341772151899,"FBiomass",3358096488978.1,0.237905901740506
"cod",4.87341772151899,"SSB",28708194345.9774,0.237905901740506
"cod",4.87341772151899,"Yield",370830294019.155,0.237905901740506
"sprat",4.9620253164557,"Biomass",840225126924.648,0.240418740318712
"sprat",4.9620253164557,"FBiomass",3301277551764.84,0.240418740318712
"sprat",4.9620253164557,"SSB",254232635796.262,0.240418740318712
"sprat",4.9620253164557,"Yield",586912232842.057,0.240418740318712
"herring",4.9620253164557,"Biomass",2054946802853.99,0.240418740318712
"herring",4.9620253164557,"FBiomass",3301277551764.84,0.240418740318712
"herring",4.9620253164557,"SSB",573035252687.131,0.240418740318712
"herring",4.9620253164557,"Yield",1438087900218.1,0.240418740318712
"cod",4.9620253164557,"Biomass",406105621986.204,0.240418740318712
"cod",4.9620253164557,"FBiomass",3301277551764.84,0.240418740318712
"cod",4.9620253164557,"SSB",26426595340.5675,0.240418740318712
"cod",4.9620253164557,"Yield",356066838253.075,0.240418740318712
"sprat",5.05063291139241,"Biomass",777430138969.553,0.242889376806444
"sprat",5.05063291139241,"FBiomass",3244153069019.44,0.242889376806444
"sprat",5.05063291139241,"SSB",232859247580.42,0.242889376806444
"sprat",5.05063291139241,"Yield",549822154659.632,0.242889376806444
"herring",5.05063291139241,"Biomass",2078712645812.78,0.242889376806444
"herring",5.05063291139241,"FBiomass",3244153069019.44,0.242889376806444
"herring",5.05063291139241,"SSB",568779666586.244,0.242889376806444
"herring",5.05063291139241,"Yield",1473021510245.45,0.242889376806444
"cod",5.05063291139241,"Biomass",388010284237.104,0.242889376806444
"cod",5.05063291139241,"FBiomass",3244153069019.44,0.242889376806444
"cod",5.05063291139241,"SSB",24281816629.3163,0.242889376806444
"cod",5.05063291139241,"Yield",341067286691.453,0.242889376806444
"sprat",5.13924050632911,"Biomass",714304385112.034,0.245317956625686
"sprat",5.13924050632911,"FBiomass",3186704381588.68,0.245317956625686
"sprat",5.13924050632911,"SSB",211807587565.896,0.245317956625686
"sprat",5.13924050632911,"Yield",511315651509.498,0.245317956625686
"herring",5.13924050632911,"Biomass",2102536289148.17,0.245317956625686
"herring",5.13924050632911,"FBiomass",3186704381588.68,0.245317956625686
"herring",5.13924050632911,"SSB",564297277520.821,0.245317956625686
"herring",5.13924050632911,"Yield",1508095607338.64,0.245317956625686
"cod",5.13924050632911,"Biomass",369863707328.479,0.245317956625686
"cod",5.13924050632911,"FBiomass",3186704381588.68,0.245317956625686
"cod",5.13924050632911,"SSB",22266163880.3975,0.245317956625686
"cod",5.13924050632911,"Yield",325856162936.224,0.245317956625686
"sprat",5.22784810126582,"Biomass",650859055784.307,0.24770457098507
"sprat",5.22784810126582,"FBiomass",3128921160659.77,0.24770457098507
"sprat",5.22784810126582,"SSB",191074057896.499,0.24770457098507
"sprat",5.22784810126582,"Yield",471416140249.176,0.24770457098507
"herring",5.22784810126582,"Biomass",2126385367962.78,0.24770457098507
"herring",5.22784810126582,"FBiomass",3128921160659.77,0.24770457098507
"herring",5.22784810126582,"SSB",559576622972.718,0.24770457098507
"herring",5.22784810126582,"Yield",1543270692084.69,0.24770457098507
"cod",5.22784810126582,"Biomass",351676736912.687,0.24770457098507
"cod",5.22784810126582,"FBiomass",3128921160659.77,0.24770457098507
"cod",5.22784810126582,"SSB",20372368899.1955,0.24770457098507
"cod",5.22784810126582,"Yield",310457388908.139,0.24770457098507
"sprat",5.31645569620253,"Biomass",587124251832.795,0.250049326535557
"sprat",5.31645569620253,"FBiomass",3070806069745.22,0.250049326535557
"sprat",5.31645569620253,"SSB",170660817409.336,0.250049326535557
"sprat",5.31645569620253,"Yield",430161678236.735,0.250049326535557
"herring",5.31645569620253,"Biomass",2150222381311.53,0.250049326535557
"herring",5.31645569620253,"FBiomass",3070806069745.22,0.250049326535557
"herring",5.31645569620253,"SSB",554607008173.762,0.250049326535557
"herring",5.31645569620253,"Yield",1578503100726.51,0.250049326535557
"cod",5.31645569620253,"Biomass",333459436600.895,0.250049326535557
"cod",5.31645569620253,"FBiomass",3070806069745.22,0.250049326535557
"cod",5.31645569620253,"SSB",18593565187.2103,0.250049326535557
"cod",5.31645569620253,"Yield",294894190020.031,0.250049326535557
"sprat",5.40506329113924,"Biomass",523158697043.865,0.252352471783832
"sprat",5.40506329113924,"FBiomass",3012382382176.65,0.252352471783832
"sprat",5.40506329113924,"SSB",150578242806.939,0.252352471783832
"sprat",5.40506329113924,"Yield",387612868997.442,0.252352471783832
"herring",5.40506329113924,"Biomass",2174002924885.97,0.252352471783832
"herring",5.40506329113924,"FBiomass",3012382382176.65,0.252352471783832
"herring",5.40506329113924,"SSB",549379176457.117,0.252352471783832
"herring",5.40506329113924,"Yield",1613744592947.61,0.252352471783832
"cod",5.40506329113924,"Biomass",315220760246.807,0.252352471783832
"cod",5.40506329113924,"FBiomass",3012382382176.65,0.252352471783832
"cod",5.40506329113924,"SSB",16923263484.7026,0.252352471783832
"cod",5.40506329113924,"Yield",279188958355.984,0.252352471783832
"sprat",5.49367088607595,"Biomass",459065637047.597,0.254614622429416
"sprat",5.49367088607595,"FBiomass",2953706570021.63,0.254614622429416
"sprat",5.49367088607595,"SSB",130848972943.769,0.254614622429416
"sprat",5.49367088607595,"Yield",343865784607.128,0.254614622429416
"herring",5.49367088607595,"Biomass",2197672870893.08,0.254614622429416
"herring",5.49367088607595,"FBiomass",2953706570021.63,0.254614622429416
"herring",5.49367088607595,"SSB",543886410026.94,0.254614622429416
"herring",5.49367088607595,"Yield",1648941820248.6,0.254614622429416
"cod",5.49367088607595,"Biomass",296968062080.948,0.254614622429416
"cod",5.49367088607595,"FBiomass",2953706570021.63,0.254614622429416
"cod",5.49367088607595,"SSB",15355326403.8547,0.254614622429416
"cod",5.49367088607595,"Yield",263363044424.297,0.254614622429416
"sprat",5.58227848101266,"Biomass",395019258356.384,0.256837161613515
"sprat",5.58227848101266,"FBiomass",2894889403853.59,0.256837161613515
"sprat",5.58227848101266,"SSB",111514622307.259,0.256837161613515
"sprat",5.58227848101266,"Yield",299073458653.887,0.256837161613515
"herring",5.58227848101266,"Biomass",2221163818026.18,0.256837161613515
"herring",5.58227848101266,"FBiomass",2894889403853.59,0.256837161613515
"herring",5.58227848101266,"SSB",538126391191.265,0.256837161613515
"herring",5.58227848101266,"Yield",1684035660615.96,0.256837161613515
"cod",5.58227848101266,"Biomass",278706327471.029,0.256837161613515
"cod",5.58227848101266,"FBiomass",2894889403853.59,0.256837161613515
"cod",5.58227848101266,"SSB",13883939933.4973,0.256837161613515
"cod",5.58227848101266,"Yield",247436413742.551,0.256837161613515
"sprat",5.67088607594937,"Biomass",331309494131.384,0.259022956707849
"sprat",5.67088607594937,"FBiomass",2836131991758.58,0.259022956707849
"sprat",5.67088607594937,"SSB",92647135085.8713,0.259022956707849
"sprat",5.67088607594937,"Yield",253482425215.345,0.259022956707849
"herring",5.67088607594937,"Biomass",2244385613350.29,0.259022956707849
"herring",5.67088607594937,"FBiomass",2836131991758.58,0.259022956707849
"herring",5.67088607594937,"SSB",532104433405.867,0.259022956707849
"herring",5.67088607594937,"Yield",1718960435522.23,0.259022956707849
"cod",5.67088607594937,"Biomass",260436884276.912,0.259022956707849
"cod",5.67088607594937,"FBiomass",2836131991758.58,0.259022956707849
"cod",5.67088607594937,"SSB",12503576392.67,0.259022956707849
"cod",5.67088607594937,"Yield",231427021619.516,0.259022956707849
"sprat",5.75949367088608,"Biomass",268419974175.453,0.261177664970662
"sprat",5.75949367088608,"FBiomass",2777788797070.28,0.261177664970662
"sprat",5.75949367088608,"SSB",74368483895.3842,0.261177664970662
"sprat",5.75949367088608,"Yield",207496512476.069,0.261177664970662
"herring",5.75949367088608,"Biomass",2267213736166.4,0.261177664970662
"herring",5.75949367088608,"FBiomass",2777788797070.28,0.261177664970662
"herring",5.75949367088608,"SSB",525839234986.578,0.261177664970662
"herring",5.75949367088608,"Yield",1753643095769.13,0.261177664970662
"cod",5.75949367088608,"Biomass",242155086728.428,0.261177664970662
"cod",5.75949367088608,"FBiomass",2777788797070.28,0.261177664970662
"cod",5.75949367088608,"SSB",11208936104.6411,0.261177664970662
"cod",5.75949367088608,"Yield",215349567156.248,0.261177664970662
"sprat",5.84810126582278,"Biomass",207166669432.308,0.263312152255269
"sprat",5.84810126582278,"FBiomass",2720480073650.36,0.263312152255269
"sprat",5.84810126582278,"SSB",56885621595.9419,0.263312152255269
"sprat",5.84810126582278,"Yield",161790883050.878,0.263312152255269
"herring",5.84810126582278,"Biomass",2289467478767.89,0.263312152255269
"herring",5.84810126582278,"FBiomass",2720480073650.36,0.263312152255269
"herring",5.84810126582278,"SSB",519373333215.098,0.263312152255269
"herring",5.84810126582278,"Yield",1788002637725.72,0.263312152255269
"cod",5.84810126582278,"Biomass",223845925450.163,0.263312152255269
"cod",5.84810126582278,"FBiomass",2720480073650.36,0.263312152255269
"cod",5.84810126582278,"SSB",9994839322.11886,0.263312152255269
"cod",5.84810126582278,"Yield",199212869304.742,0.263312152255269
"sprat",5.93670886075949,"Biomass",148942364949.297,0.265446938883965
"sprat",5.93670886075949,"FBiomass",2665290530138.41,0.265446938883965
"sprat",5.93670886075949,"SSB",40551883226.5558,0.265446938883965
"sprat",5.93670886075949,"Yield",117514783151.229,0.265446938883965
"herring",5.93670886075949,"Biomass",2310872495071.53,0.265446938883965
"herring",5.93670886075949,"FBiomass",2665290530138.41,0.265446938883965
"herring",5.93670886075949,"SSB",512791981055.221,0.265446938883965
"herring",5.93670886075949,"Yield",1821950545375.54,0.265446938883965
"cod",5.93670886075949,"Biomass",205475670117.581,0.265446938883965
"cod",5.93670886075949,"FBiomass",2665290530138.41,0.265446938883965
"cod",5.93670886075949,"SSB",8856009080.85521,0.265446938883965
"cod",5.93670886075949,"Yield",183014308858.212,0.265446938883965
"sprat",6.0253164556962,"Biomass",96100532537.8836,0.267619618365199
"sprat",6.0253164556962,"FBiomass",2614082214739.07,0.267619618365199
"sprat",6.0253164556962,"SSB",25962451249.8154,0.267619618365199
"sprat",6.0253164556962,"Yield",76615442751.3938,0.267619618365199
"herring",6.0253164556962,"Biomass",2331004234736.71,0.267619618365199
"herring",6.0253164556962,"FBiomass",2614082214739.07,0.267619618365199
"herring",6.0253164556962,"SSB",506254115414.263,0.267619618365199
"herring",6.0253164556962,"Yield",1855394831117.53,0.267619618365199
"cod",6.0253164556962,"Biomass",186977447464.477,0.267619618365199
"cod",6.0253164556962,"FBiomass",2614082214739.07,0.267619618365199
"cod",6.0253164556962,"SSB",7786641085.39497,0.267619618365199
"cod",6.0253164556962,"Yield",166728780182.244,0.267619618365199
"sprat",6.11392405063291,"Biomass",52295930062.9286,0.269892912996213
"sprat",6.11392405063291,"FBiomass",2569776104178.79,0.269892912996213
"sprat",6.11392405063291,"SSB",14034890709.7738,0.269892912996213
"sprat",6.11392405063291,"Yield",42146702602.0616,0.269892912996213
"herring",6.11392405063291,"Biomass",2349245509724.69,0.269892912996213
"herring",6.11392405063291,"FBiomass",2569776104178.79,0.269892912996213
"herring",6.11392405063291,"SSB",500025172933.218,0.269892912996213
"herring",6.11392405063291,"Yield",1888255279676.41,0.269892912996213
"cod",6.11392405063291,"Biomass",168234664391.178,0.269892912996213
"cod",6.11392405063291,"FBiomass",2569776104178.79,0.269892912996213
"cod",6.11392405063291,"SSB",6779684470.69399,0.269892912996213
"cod",6.11392405063291,"Yield",150291093236.146,0.269892912996213
"sprat",6.20253164556962,"Biomass",21787347614.8854,0.272346911182956
"sprat",6.20253164556962,"FBiomass",2535803169372.6,0.272346911182956
"sprat",6.20253164556962,"SSB",5817869726.75453,0.272346911182956
"sprat",6.20253164556962,"Yield",17763320333.9173,0.272346911182956
"herring",6.20253164556962,"Biomass",2364921980661.84,0.272346911182956
"herring",6.20253164556962,"FBiomass",2535803169372.6,0.272346911182956
"herring",6.20253164556962,"SSB",494443468974.232,0.272346911182956
"herring",6.20253164556962,"Yield",1920504585875.06,0.272346911182956
"cod",6.20253164556962,"Biomass",149093841095.875,0.272346911182956
"cod",6.20253164556962,"FBiomass",2535803169372.6,0.272346911182956
"cod",6.20253164556962,"SSB",5826313909.99929,0.272346911182956
"cod",6.20253164556962,"Yield",133586575430.758,0.272346911182956
"sprat",6.29113924050633,"Biomass",6134373635.96754,0.275025035360836
"sprat",6.29113924050633,"FBiomass",2513467336661.11,0.275025035360836
"sprat",6.29113924050633,"SSB",1632716985.41755,0.275025035360836
"sprat",6.29113924050633,"Yield",5063847547.30787,0.275025035360836
"herring",6.29113924050633,"Biomass",2377855155898.31,0.275025035360836
"herring",6.29113924050633,"FBiomass",2513467336661.11,0.275025035360836
"herring",6.29113924050633,"SSB",489698035813.383,0.275025035360836
"herring",6.29113924050633,"Yield",1952228656674.91,0.275025035360836
"cod",6.29113924050633,"Biomass",129477807126.828,0.275025035360836
"cod",6.29113924050633,"FBiomass",2513467336661.11,0.275025035360836
"cod",6.29113924050633,"SSB",4917840601.11899,0.275025035360836
"cod",6.29113924050633,"Yield",116506825208.367,0.275025035360836
"sprat",6.37974683544304,"Biomass",1042749714.79648,0.277871593443265
"sprat",6.37974683544304,"FBiomass",2499434823003.23,0.277871593443265
"sprat",6.37974683544304,"SSB",276972003.178406,0.277871593443265
"sprat",6.37974683544304,"Yield",872003236.491892,0.277871593443265
"herring",6.37974683544304,"Biomass",2388828409654.19,0.277871593443265
"herring",6.37974683544304,"FBiomass",2499434823003.23,0.277871593443265
"herring",6.37974683544304,"SSB",485576150857.28,0.277871593443265
"herring",6.37974683544304,"Yield",1983593360935.71,0.277871593443265
"cod",6.37974683544304,"Biomass",109563663634.249,0.277871593443265
"cod",6.37974683544304,"FBiomass",2499434823003.23,0.277871593443265
"cod",6.37974683544304,"SSB",4051733198.85844,0.277871593443265
"cod",6.37974683544304,"Yield",99100446754.2697,0.277871593443265
"sprat",6.46835443037975,"Biomass",100704454.352974,0.280781437027245
"sprat",6.46835443037975,"FBiomass",2488702591603.94,0.280781437027245
"sprat",6.46835443037975,"SSB",26706442.5246382,0.280781437027245
"sprat",6.46835443037975,"Yield",85321321.2145129,0.280781437027245
"herring",6.46835443037975,"Biomass",2398847839226.36,0.280781437027245
"herring",6.46835443037975,"FBiomass",2488702591603.94,0.280781437027245
"herring",6.46835443037975,"SSB",481656451018.486,0.280781437027245
"herring",6.46835443037975,"Yield",2014627117326.57,0.280781437027245
"cod",6.46835443037975,"Biomass",89754047923.2219,0.280781437027245
"cod",6.46835443037975,"FBiomass",2488702591603.94,0.280781437027245
"cod",6.46835443037975,"SSB",3234376142.43037,0.280781437027245
"cod",6.46835443037975,"Yield",81632031364.1629,0.280781437027245
"sprat",6.55696202531646,"Biomass",5441602.92830417,0.28368874565034
"sprat",6.55696202531646,"FBiomass",2478710104721.39,0.28368874565034
"sprat",6.55696202531646,"SSB",1440842.50722318,0.28368874565034
"sprat",6.55696202531646,"Yield",4670359.32548577,0.28368874565034
"herring",6.55696202531646,"Biomass",2408225886598.87,0.28368874565034
"herring",6.55696202531646,"FBiomass",2478710104721.39,0.28368874565034
"herring",6.55696202531646,"SSB",477654269148.989,0.28368874565034
"herring",6.55696202531646,"Yield",2045082866619.68,0.28368874565034
"cod",6.55696202531646,"Biomass",70478776519.5884,0.28368874565034
"cod",6.55696202531646,"FBiomass",2478710104721.39,0.28368874565034
"cod",6.55696202531646,"SSB",2475856617.47731,0.28368874565034
"cod",6.55696202531646,"Yield",64458944338.6927,0.28368874565034
"sprat",6.64556962025316,"Biomass",165141.196380334,0.286562919642763
"sprat",6.64556962025316,"FBiomass",2468886680521.34,0.286562919642763
"sprat",6.64556962025316,"SSB",43653.0597244892,0.286562919642763
"sprat",6.64556962025316,"Yield",143553.752921621,0.286562919642763
"herring",6.64556962025316,"Biomass",2416696686203.26,0.286562919642763
"herring",6.64556962025316,"FBiomass",2468886680521.34,0.286562919642763
"herring",6.64556962025316,"SSB",473408299879.86,0.286562919642763
"herring",6.64556962025316,"Yield",2074474638522.38,0.286562919642763
"cod",6.64556962025316,"Biomass",52189829176.879,0.286562919642763
"cod",6.64556962025316,"FBiomass",2468886680521.34,0.286562919642763
"cod",6.64556962025316,"SSB",1787739482.52728,0.286562919642763
"cod",6.64556962025316,"Yield",47999344235.8426,0.286562919642763
"sprat",6.73417721518987,"Biomass",2847.29051152173,0.289375227931712
"sprat",6.73417721518987,"FBiomass",2459191671727.86,0.289375227931712
"sprat",6.73417721518987,"SSB",751.219617554838,0.289375227931712
"sprat",6.73417721518987,"Yield",2506.36719079579,0.289375227931712
"herring",6.73417721518987,"Biomass",2423685723630.52,0.289375227931712
"herring",6.73417721518987,"FBiomass",2459191671727.86,0.289375227931712
"herring",6.73417721518987,"SSB",468750269952.227,0.289375227931712
"herring",6.73417721518987,"Yield",2102047585364.01,0.289375227931712
"cod",6.73417721518987,"Biomass",35505945250.0449,0.289375227931712
"cod",6.73417721518987,"FBiomass",2459191671727.86,0.289375227931712
"cod",6.73417721518987,"SSB",1186264892.1093,0.289375227931712
"cod",6.73417721518987,"Yield",32839863731.6686,0.289375227931712
"sprat",6.82278481012658,"Biomass",28.4300167803765,0.292085090874465
"sprat",6.82278481012658,"FBiomass",2449658857965.27,0.292085090874465
"sprat",6.82278481012658,"SSB",7.48412708715896,0.292085090874465
"sprat",6.82278481012658,"Yield",25.3372818836706,0.292085090874465
"herring",6.82278481012658,"Biomass",2428349564505.17,0.292085090874465
"herring",6.82278481012658,"FBiomass",2449658857965.27,0.292085090874465
"herring",6.82278481012658,"SSB",463452423194.214,0.292085090874465
"herring",6.82278481012658,"Yield",2126703070101.62,0.292085090874465
"cod",6.82278481012658,"Biomass",21309293431.6743,0.292085090874465
"cod",6.82278481012658,"FBiomass",2449658857965.27,0.292085090874465
"cod",6.82278481012658,"SSB",694568727.366761,0.292085090874465
"cod",6.82278481012658,"Yield",19823420293.7184,0.292085090874465
"sprat",6.91139240506329,"Biomass",0.169239339506797,0.29464281858467
"sprat",6.91139240506329,"FBiomass",2440333250588.18,0.29464281858467
"sprat",6.91139240506329,"SSB",0.0444308339831538,0.29464281858467
"sprat",6.91139240506329,"Yield",0.152674867192296,0.29464281858467
"herring",6.91139240506329,"Biomass",2429705287691.58,0.29464281858467
"herring",6.91139240506329,"FBiomass",2440333250588.18,0.29464281858467
"herring",6.91139240506329,"SSB",457261418466.472,0.29464281858467
"herring",6.91139240506329,"Yield",2147133654658,0.29464281858467
"cod",6.91139240506329,"Biomass",10627962896.4385,0.29464281858467
"cod",6.91139240506329,"FBiomass",2440333250588.18,0.29464281858467
"cod",6.91139240506329,"SSB",338028051.155107,0.29464281858467
"cod",6.91139240506329,"Yield",9946347059.42681,0.29464281858467
"sprat",7,"Biomass",0.000624017468154854,0.297013100173025
"sprat",7,"FBiomass",2431242562168.59,0.297013100173025
"sprat",7,"SSB",0.000163285982849499,0.297013100173025
"sprat",7,"Yield",0.000569714943463569,0.297013100173025
"herring",7,"Biomass",2427164196420.13,0.297013100173025
"herring",7,"FBiomass",2431242562168.59,0.297013100173025
"herring",7,"SSB",450052320719.634,0.297013100173025
"herring",7,"Yield",2162491904938.6,0.297013100173025
"cod",7,"Biomass",4078365748.45751,0.297013100173025
"cod",7,"FBiomass",2431242562168.59,0.297013100173025
"cod",7,"SSB",126595498.469109,0.297013100173025
"cod",7,"Yield",3840767048.30553,0.297013100173025
